<?xml version="1.0" encoding="UTF-8" standalone="yes"?>
<addon id="repository.mattsworld" name="Matts World" version="1.0.0" provider-name="MW">
	<extension point="xbmc.addon.repository" name="Matts World Repository">
		<dir>
			<info compressed="false">https://raw.githubusercontent.com/noobsandnerds/modules4all/master/zips/addons.xml</info>
			<checksum>https://raw.githubusercontent.com/noobsandnerds/modules4all/master/zips/addons.xml.md5</checksum>
			<datadir zip="true">https://raw.githubusercontent.com/noobsandnerds/modules4all/master/zips/</datadir>
		</dir>
		<info compressed="false">https://raw.githubusercontent.com/matthewharrison2011/repository.mattsworld/master/zips/addons.xml</info>
		<checksum>https://raw.githubusercontent.com/matthewharrison2011/repository.mattsworld/master/zips/addons.xml.md5</checksum>
		<datadir zip="true">https://raw.githubusercontent.com/matthewharrison2011/repository.mattsworld/master/zips/</datadir>
	</extension>
	<extension point="xbmc.addon.metadata">
		<summary lang="en">Matts World</summary>
		<description lang="en">Matts world repo</description>
		<genre></genre>
	</extension>
</addon>