<?xml version="1.0" encoding="UTF-8" standalone="yes"?>
<addon id="repository.mattsworld" name="Matts World" version="1.0.0" provider-name="MW">
	<extension point="xbmc.addon.repository" name="Matts World Repository">
		<dir>
			<info compressed="false">https://raw.githubusercontent.com/noobsandnerds/modules4all/master/zips/addons.xml</info>
			<checksum>https://raw.githubusercontent.com/noobsandnerds/modules4all/master/zips/addons.xml.md5</checksum>
			<datadir zip="true">https://raw.githubusercontent.com/noobsandnerds/modules4all/master/zips/</datadir>
		</dir>		<dir>
			<info compressed="false">https://raw.githubusercontent.com/totalrevolution/python-koding/master/zips/addons.xml</info>
			<checksum>https://raw.githubusercontent.com/totalrevolution/python-koding/master/zips/addons.xml.md5</checksum>
			<datadir zip="true">https://raw.githubusercontent.com/totalrevolution/python-koding/master/zips/</datadir>
		</dir>	
		<dir>	
			<info compressed="false">https://raw.githubusercontent.com/covenantkodi/repository.colossus/master/addons.xml</info>
			<checksum>https://raw.githubusercontent.com/covenantkodi/repository.colossus/master/addons.xml.md5</checksum>
			<datadir zip="true">https://raw.githubusercontent.com/covenantkodi/repository.colossus/master/</datadir>
		</dir>
		<dir>
			<info compressed="false">https://github.com/tvaddonsco/tva-resolvers-repo/raw/master/addons.xml</info>
			<checksum>https://github.com/tvaddonsco/tva-resolvers-repo/raw/master/addons.xml.md5</checksum>
			<datadir zip="true">https://github.com/tvaddonsco/tva-resolvers-repo/raw/master/zips/</datadir>
		</dir>	
		<dir>
			<info compressed="false">https://raw.githubusercontent.com/XvBMC/repository.xvbmc/master/Dependencies/xvbmc-addons.xml</info>
			<checksum>https://raw.githubusercontent.com/XvBMC/repository.xvbmc/master/Dependencies/xvbmc-addons.xml.md5</checksum>
			<datadir zip="true">https://raw.githubusercontent.com/XvBMC/repository.xvbmc/master/Dependencies/zips/</datadir>
			<hashes>false</hashes>
		</dir>	
		<dir>
			<info compressed="false">https://raw.githubusercontent.com/jsergio123/zips/master/addons.xml</info>
			<checksum>https://raw.githubusercontent.com/jsergio123/zips/master/addons.xml.md5</checksum>
			<datadir zip="true">https://raw.githubusercontent.com/jsergio123/zips/master/</datadir>
		</dir>
		<dir>
			<info compressed="false">https://raw.githubusercontent.com/teamuniversal/scrapers/master/_modules4all/zips/addons.xml</info>
			<checksum>https://raw.githubusercontent.com/teamuniversal/scrapers/master/_modules4all/zips/addons.xml.md5</checksum>
			<datadir zip="true">https://raw.githubusercontent.com/teamuniversal/scrapers/master/_modules4all/zips/</datadir>
		</dir>
		<dir>
            <info compressed="false">https://raw.githubusercontent.com/jenaddon/repository.jenrepo/master/zips/addons.xml</info>
            <checksum>https://raw.githubusercontent.com/jenaddon/repository.jenrepo/master/zips/addons.xml.md5</checksum>
            <datadir zip="true">https://raw.githubusercontent.com/jenaddon/repository.jenrepo/master/zips/</datadir>
            <hashes>false</hashes>
        </dir>
		<info compressed="false">https://raw.githubusercontent.com/matthewharrison2011/repository.mattsworld/master/zips/addons.xml</info>
		<checksum>https://raw.githubusercontent.com/matthewharrison2011/repository.mattsworld/master/zips/addons.xml.md5</checksum>
		<datadir zip="true">https://raw.githubusercontent.com/matthewharrison2011/repository.mattsworld/master/zips/</datadir>
	</extension>
	<extension point="xbmc.addon.metadata">
		<summary lang="en">Matts World</summary>
		<description lang="en">Matts world repo</description>
		<genre></genre>
	</extension>
</addon>